Model,Accuracy,Precision,Recall,F1 Score
Logistic Regression,0.7105,0.5575757575757576,0.2982171799027552,0.3885955649419219
Random Forest,0.6935,0.5053763440860215,0.3047001620745543,0.3801820020222446
Tuned Random Forest,0.7065,0.5390625,0.3354943273905997,0.4135864135864135
XGBoost,0.698,0.5155875299760192,0.3484602917341977,0.4158607350096712
